opportunity_id,account_id,primary_contact_id,create_date,close_date,final_stage,amount,reason_lost,is_new_logo
OPP-5YD5DAVT,ACC-6G5M0O1Y,CON-JYKFJ7MI,2023-02-24,2023-04-08,Closed Won,59038,,FALSE
OPP-PNVN7Z3D,ACC-I4E88RVM,CON-DSBYFV2J,2024-05-27,,Proposal,55772,,FALSE
OPP-8DPPS515,ACC-W56KJMHT,CON-XJHSXZF0,2023-07-03,2023-08-20,Closed Lost,63657,Pricing,FALSE
OPP-R5K0TU8V,ACC-I3LD1TBX,CON-BXRYS7AI,2024-08-16,2024-09-30,Closed Lost,188931,No Decision,TRUE
OPP-8MJU6271,ACC-2VN10QK3,CON-OVBOJ6BV,2025-04-02,,Proposal,40813,,TRUE
OPP-IIUJQ3QY,ACC-33JJF1YS,CON-Y2LAM0X3,2024-03-15,2024-04-29,Closed Lost,74797,Competitor,TRUE
OPP-UGY8MTH1,ACC-XKSN7EWF,CON-FT6H9XR2,2024-02-05,,Negotiation,132911,,FALSE
OPP-1ZOA1FL0,ACC-BW0X7HUB,CON-GB6GKGJO,2024-12-04,2025-01-22,Closed Won,62223,,FALSE
OPP-TKZLQ1J0,ACC-F51BI9A9,CON-COS0KS7O,2023-05-26,2023-07-21,Closed Won,56784,,TRUE
OPP-CDM1RLNZ,ACC-7THE04Q0,CON-4YQV49F0,2025-07-17,,Negotiation,51853,,FALSE
OPP-DC3PZ1Y2,ACC-A10QET7W,CON-MAIBIB7B,2024-06-04,2024-07-31,Closed Lost,48386,No Decision,FALSE
OPP-7Z1C05WF,ACC-G33TPIXD,CON-QIQP8AYZ,2025-01-02,2025-02-19,Closed Lost,45435,No Decision,TRUE
OPP-54Z24IG9,ACC-A0CU0873,CON-4KA990UU,2022-12-30,,Negotiation,64380,,TRUE
OPP-R8HXWMY4,ACC-JRCQAC35,CON-O49GSRE9,2025-07-15,2025-08-23,Closed Won,57732,,FALSE
OPP-763P5MAK,ACC-PUWTIQ9I,CON-G2WZLST7,2025-07-02,,Negotiation,31343,,TRUE
OPP-HHXTG1ZJ,ACC-J0780B7L,CON-BSR45CCO,2023-07-17,,Negotiation,57934,,FALSE
OPP-UMGGNAOX,ACC-V22BZ8JD,CON-G6FA86E5,2024-02-05,2024-03-24,Closed Lost,165027,No Decision,FALSE
OPP-H5H1IACC,ACC-Q3ZXXM74,CON-VRNLOYU6,2025-07-16,2025-08-19,Closed Lost,47648,Timing,TRUE
OPP-G3ZHX3GW,ACC-GNHZI55S,CON-WPC85470,2023-03-10,2023-04-16,Closed Lost,20101,Competitor,FALSE
OPP-H55HP2D8,ACC-K0MDIOTE,CON-DDR9LROG,2023-12-15,2024-02-05,Closed Lost,101025,Pricing,TRUE
OPP-L8LCTNLT,ACC-MUMLUGZI,CON-LFAXLF93,2023-10-28,2023-12-08,Closed Lost,102583,No Decision,FALSE
OPP-V7VNIJQ6,ACC-OULHP4R9,CON-VVKDNBHE,2022-12-20,2023-02-13,Closed Won,190052,,FALSE
OPP-PHAVXNHS,ACC-ILGUS45O,CON-RGA4W4T6,2023-12-04,2024-01-29,Closed Won,34551,,TRUE
OPP-VKFNPJ8M,ACC-SWS3SEKY,CON-IX233NAS,2022-12-14,,Proposal,58740,,FALSE
OPP-70OOOVQ6,ACC-5FRLE6G9,CON-TDALX1T3,2023-03-12,2023-04-25,Closed Won,40771,,TRUE
OPP-HGBE3O5G,ACC-5IASSXQ3,CON-3ZVIVF3U,2025-10-20,,Proposal,70280,,TRUE
OPP-GBSUURAO,ACC-6C0A393Q,CON-XUQUP3D4,2023-02-16,,Negotiation,24871,,FALSE
OPP-GV2C5UN2,ACC-NAL7Z3RR,CON-BILNKIMM,2024-10-25,2024-12-12,Closed Lost,18175,Timing,FALSE
OPP-NPLINL7D,ACC-1AP0QUWQ,CON-JXSP6UFI,2023-05-29,,Negotiation,206601,,TRUE
OPP-29UZDL22,ACC-P0SJBOYX,CON-6QV71M4H,2022-12-06,,Proposal,213558,,FALSE
OPP-RYVB626H,ACC-RF346YZM,CON-V663JAQ7,2023-01-03,,Negotiation,58049,,TRUE
OPP-K8O9MJT9,ACC-4B3XODOK,CON-NK6LY4MT,2023-09-01,2023-10-23,Closed Won,86372,,TRUE
OPP-EH5J0HQR,ACC-ZFTR26HG,CON-BRD9D6MC,2025-03-10,2025-04-07,Closed Lost,117081,Pricing,TRUE
OPP-VDS91KV4,ACC-H7F04MHH,CON-R6CDKI6X,2024-01-03,2024-02-02,Closed Lost,56988,Pricing,TRUE
OPP-4KRGJ49T,ACC-W7WZ3011,CON-TELDPHZG,2025-01-21,,Negotiation,99330,,TRUE
OPP-L3RQWJE6,ACC-S88DEU4Y,CON-UJV2US29,2025-01-13,2025-02-09,Closed Won,51861,,TRUE
OPP-3E4L6BGL,ACC-31QLN7VR,CON-Z2WA46I4,2023-07-03,,Proposal,52373,,TRUE
OPP-E0H5TD3R,ACC-NVK0HD82,CON-X3TUJMB2,2022-12-01,2023-01-15,Closed Lost,43294,Competitor,TRUE
OPP-6K0LARZQ,ACC-1QT0RZOJ,CON-LJ9VAAGY,2023-01-21,2023-02-28,Closed Lost,51051,Competitor,TRUE
OPP-WLOMB454,ACC-62G9IJYQ,CON-ALW2IG9R,2023-02-28,2023-04-08,Closed Lost,92803,Timing,TRUE
OPP-TBOUNMAA,ACC-K3BW719F,CON-WSFTFFSH,2024-04-02,2024-05-22,Closed Won,79581,,FALSE
OPP-X8H3GBSY,ACC-JGW2LO73,CON-H09IXGJ7,2025-03-05,,Proposal,20726,,FALSE
OPP-3YP3PX1O,ACC-ZVI2NTHZ,CON-VJQGG4YT,2023-10-20,2023-12-03,Closed Won,65214,,TRUE
OPP-V7MEBAI8,ACC-6RR1EI5E,CON-O8244VPU,2023-08-07,,Negotiation,99858,,TRUE
OPP-UFEAIRRG,ACC-ZTH77YEX,CON-GUHD073M,2023-11-26,2024-01-13,Closed Won,109798,,TRUE
OPP-VIGPX7IX,ACC-Z216EXBW,CON-V20NEKV6,2024-09-29,2024-11-18,Closed Lost,67410,Competitor,FALSE
OPP-RRJJ6VNV,ACC-7BPQL8RN,CON-V16L0XHJ,2023-06-11,,Proposal,63391,,FALSE
OPP-6U9EO9NV,ACC-6C0A393Q,CON-XUQUP3D4,2024-01-20,2024-03-01,Closed Lost,295301,Timing,TRUE
OPP-7S7H6OM9,ACC-2VCXULWL,CON-MDHMCTQ6,2023-08-03,2023-09-17,Closed Lost,101342,Pricing,TRUE
OPP-X3PV5WA7,ACC-LML9QB5D,CON-BL1JKJX7,2025-07-20,,Negotiation,18885,,TRUE
OPP-IDRHHO4W,ACC-X5S3S9PJ,CON-B3H4IRL5,2022-11-28,2022-12-29,Closed Lost,84403,Timing,TRUE
OPP-EPGME0LJ,ACC-OQ0Q5UDY,CON-H08JBXKV,2023-05-28,2023-07-21,Closed Won,68388,,TRUE
OPP-3VRDMD32,ACC-C2X0XXH3,CON-CLWU7Z90,2024-05-02,,Proposal,69686,,FALSE
OPP-7T0W1XJ7,ACC-MY1OH38X,CON-BZP8KFPJ,2025-09-21,2025-10-24,Closed Lost,581051,Timing,TRUE
OPP-ZPKWIN45,ACC-BR8PNZJA,CON-249686YD,2024-04-21,2024-05-27,Closed Lost,36006,No Decision,TRUE
OPP-VFKX9S1I,ACC-DX5M9Q0C,CON-4YZITIU0,2024-06-16,2024-08-06,Closed Won,61653,,FALSE
OPP-7AY29FYL,ACC-9NBJXWKW,CON-R06RH3XI,2025-04-19,,Negotiation,32591,,FALSE
OPP-KUQCW4HA,ACC-4E3BYTHJ,CON-DWKX5HBR,2023-03-15,2023-05-02,Closed Lost,115667,Pricing,FALSE
OPP-841S6RBN,ACC-2P8TLB0P,CON-AUREL1HN,2025-01-19,,Proposal,25591,,TRUE
OPP-EHRI70K6,ACC-RO1JYK6L,CON-46VOZ3H4,2024-10-20,,Proposal,23707,,FALSE
OPP-OWJSM2YN,ACC-U7KTV41M,CON-LM4JLJE8,2023-05-16,2023-06-25,Closed Lost,70030,Timing,FALSE
OPP-IVLWEY1N,ACC-0DYA3H8I,CON-RI1I7VOG,2023-07-25,2023-08-24,Closed Won,23517,,TRUE
OPP-WUM0AY0S,ACC-6SYGL6XK,CON-KKWOKDRN,2023-02-06,2023-03-18,Closed Lost,128402,Competitor,FALSE
OPP-MO65NFWL,ACC-KU3ADBDP,CON-4WK75VX3,2024-08-26,,Negotiation,59412,,FALSE
OPP-6IDAMU83,ACC-G7QTN6FG,CON-76M5BCJN,2025-04-20,2025-06-13,Closed Won,74702,,FALSE
OPP-G7LZANB7,ACC-X3VEKT8O,CON-7PR8DWAR,2025-04-16,,Proposal,23790,,FALSE
OPP-1LCDJ64Z,ACC-PXCDIWOA,CON-C9LF89AL,2024-04-29,,Proposal,106593,,TRUE
OPP-IMSYEB1V,ACC-JYVGHTEK,CON-UEUC1I03,2025-05-19,2025-07-10,Closed Won,55713,,TRUE
OPP-EOFRYJDB,ACC-7EYHADL0,CON-MDZYZFFP,2024-12-28,,Proposal,116029,,TRUE
OPP-VUDRNSHZ,ACC-8XR6I467,CON-VIBQFHK4,2022-12-28,2023-02-06,Closed Won,60367,,TRUE
OPP-HBWCTHSY,ACC-5VLWUI22,CON-RYLMQY3P,2023-07-08,2023-09-03,Closed Lost,19064,No Decision,TRUE
OPP-63KPWROJ,ACC-0CZ998G7,CON-FANO0F23,2024-04-26,,Negotiation,54452,,TRUE
OPP-EMAOO0E3,ACC-XJXOBEPG,CON-0VX4JQ9J,2024-10-17,2024-11-23,Closed Lost,172333,No Decision,TRUE
OPP-2WZDBTE2,ACC-RF1VJB2P,CON-G94G9W6F,2024-05-09,2024-06-28,Closed Won,30203,,FALSE
OPP-B52A0TAM,ACC-LSIWWDDC,CON-YRNAA39M,2024-07-02,2024-08-18,Closed Lost,21245,Competitor,TRUE
OPP-VSD9DTQ1,ACC-35ACOD1R,CON-X3LNUU41,2025-07-04,2025-08-12,Closed Won,139710,,TRUE
OPP-H5VQLZCY,ACC-OLV5GUR8,CON-6NDS84QM,2025-08-21,,Negotiation,112194,,TRUE
OPP-9N3P3IK8,ACC-V62W6Z10,CON-TNZLUAC1,2025-05-31,,Negotiation,35944,,FALSE
OPP-0YTO3GHA,ACC-E8YK5UW3,CON-C0SNE9UN,2025-06-17,2025-08-04,Closed Lost,20424,Competitor,TRUE
OPP-QMRC1U89,ACC-A7P4SLMI,CON-OEHX466Y,2024-06-07,2024-07-21,Closed Lost,50825,Pricing,FALSE
OPP-QAHI2M1Z,ACC-XMLOC6FQ,CON-6TZ8GXHY,2022-11-19,,Proposal,118665,,FALSE
OPP-MWIC55L8,ACC-USDAKURS,CON-5KKNNU1Y,2024-11-22,,Negotiation,149935,,TRUE
OPP-2SE077R2,ACC-HTVLP9A1,CON-EKH2VVSD,2023-12-24,2024-02-09,Closed Lost,67219,Timing,FALSE
OPP-NKXCHSO1,ACC-MGL99HVB,CON-LV8NKK1W,2024-02-10,2024-03-29,Closed Lost,19111,No Decision,TRUE
OPP-SGVX5TQT,ACC-DO8XD7N2,CON-I4QT7M0H,2024-10-22,,Proposal,73320,,FALSE
OPP-JZ5JIOAI,ACC-W6IOXQXY,CON-35WMQTPH,2024-10-31,,Negotiation,22752,,TRUE
OPP-1OFEN4OS,ACC-2GTCVUOC,CON-44QCS6NI,2024-02-15,,Proposal,191545,,TRUE
OPP-0H0MM3KQ,ACC-EWF0DJJ3,CON-G0VMOAYL,2023-01-09,,Negotiation,417659,,FALSE
OPP-I6CVM4ZN,ACC-C158FOH6,CON-ORZ71979,2025-09-05,,Proposal,127736,,TRUE
OPP-1HQQA0NF,ACC-GFWAEV6D,CON-8H7SQW6I,2022-12-18,2023-01-30,Closed Won,66497,,TRUE
OPP-1ZRNHB0R,ACC-9VGBKRGM,CON-66F35TFV,2024-02-22,,Proposal,28857,,TRUE
OPP-VDV8WW3U,ACC-2VCXULWL,CON-MDHMCTQ6,2023-09-20,2023-11-04,Closed Lost,43362,No Decision,TRUE
OPP-C9WVLUQE,ACC-4XO5UIZM,CON-UA544BXF,2024-11-29,2025-01-20,Closed Lost,21741,No Decision,FALSE
OPP-3MUHYMMW,ACC-BFJPDX7K,CON-7NN923P4,2023-08-02,,Proposal,128680,,FALSE
OPP-Q4ZBNU3J,ACC-I5HPGMHV,CON-HQ176K9Y,2025-07-07,2025-07-31,Closed Won,17218,,TRUE
OPP-KXCLXUGF,ACC-QCM2VGJP,CON-HGZS10Q3,2025-02-15,,Proposal,85307,,TRUE
OPP-D7PWPHGC,ACC-DCSF7QZA,CON-TY2AJH90,2022-12-22,2023-01-28,Closed Lost,15450,Pricing,FALSE
OPP-63PCMMNQ,ACC-1X1B9W0K,CON-JTUJLCBN,2025-08-09,2025-10-06,Closed Won,166873,,FALSE
OPP-Y2OTPX0H,ACC-E6OIN5IQ,CON-E3YDPQD7,2023-07-03,2023-08-27,Closed Lost,371494,Timing,TRUE
OPP-33FRTE7R,ACC-M6F1KCER,CON-YQKL7OBQ,2024-01-07,,Negotiation,141624,,FALSE
OPP-U5QJGIZD,ACC-A2AV9JQ8,CON-R86U8T74,2024-08-12,2024-10-05,Closed Won,36472,,FALSE
OPP-RQ6VAH34,ACC-KGC7U60A,CON-WD9950BK,2024-05-19,,Proposal,67611,,TRUE
OPP-OWYOH5XZ,ACC-4W8B46ZT,CON-B0IYRUY1,2025-05-17,,Proposal,22567,,FALSE
OPP-FJGBGBCP,ACC-4SM409F2,CON-KP9NXKM4,2023-11-16,2023-12-30,Closed Lost,53253,Competitor,FALSE
OPP-WJIB91CC,ACC-0HET128C,CON-2LGF3VVW,2024-06-07,2024-07-20,Closed Lost,34199,Pricing,FALSE
OPP-P24AWCG7,ACC-N92JH0LI,CON-HTAEUEV0,2023-11-18,2023-12-29,Closed Won,79658,,TRUE
OPP-O83OKQJM,ACC-3H9TTP5C,CON-089K82NT,2023-12-28,2024-01-20,Closed Lost,68419,Competitor,TRUE
OPP-74SINCY5,ACC-M88GE42M,CON-BQ86K6FW,2025-03-19,,Proposal,48053,,TRUE
OPP-GO0QJUR9,ACC-RYK5ACEF,CON-HPWOYVM7,2025-04-10,2025-05-15,Closed Lost,51107,Pricing,FALSE
OPP-NFG44SNN,ACC-NMCT9VAA,CON-D7R8TH8I,2024-06-22,2024-08-05,Closed Lost,29761,Timing,TRUE
OPP-MCD0W9W7,ACC-4HXOQ9GB,CON-46BNJNY8,2024-04-18,,Proposal,32385,,TRUE
OPP-YHKA8BO6,ACC-T9Q2TCZI,CON-1808IHX7,2025-09-28,,Proposal,41770,,TRUE
OPP-K5K0XTQN,ACC-A4SFFK1L,CON-RY7QZUYV,2024-05-19,2024-06-17,Closed Lost,90917,Pricing,FALSE
OPP-WCP0I0QG,ACC-P4I81D0G,CON-RXVVBCH7,2025-06-25,,Proposal,46453,,TRUE
OPP-RIKWQOBG,ACC-5ATLX7YL,CON-CIENIBMT,2023-05-14,,Negotiation,62450,,TRUE
OPP-P2T4L4HD,ACC-JL00FQ3U,CON-GB7GKGKS,2024-10-08,,Proposal,59745,,FALSE
OPP-LSZA2GLO,ACC-BSUHF6L6,CON-CBHS2IZE,2023-01-18,2023-02-21,Closed Won,29619,,FALSE
OPP-ZDXC58VJ,ACC-Y19CMPOL,CON-GU69Q1BO,2024-06-14,2024-07-31,Closed Won,52096,,FALSE
OPP-EYYGXZ4J,ACC-RLQF0EZ2,CON-4XNT0YEQ,2023-08-04,,Negotiation,87389,,FALSE
OPP-HE42YOG9,ACC-ZHJK2H0R,CON-IO12X3RY,2023-05-17,,Negotiation,123422,,TRUE
OPP-D5TB5VZU,ACC-SII1ZHA1,CON-C0GYIJQJ,2022-11-24,2022-12-30,Closed Lost,183189,Timing,TRUE
OPP-OP8FETL7,ACC-YA1ITOIK,CON-M9BZMZ8M,2023-10-26,,Negotiation,91403,,TRUE
OPP-2FL9FZDJ,ACC-EBCWOKCF,CON-7M5LX7E2,2023-05-01,,Negotiation,68731,,TRUE
OPP-ZT32VJ6C,ACC-I0ZKDKWW,CON-49QTYBDW,2024-03-11,,Proposal,144859,,TRUE
OPP-TXGD7TQ5,ACC-KJD62EGX,CON-22KGC446,2023-01-15,2023-03-18,Closed Lost,97943,Pricing,FALSE
OPP-A0N8QJ9D,ACC-A4SFFK1L,CON-AWIYME8F,2025-07-27,2025-09-02,Closed Lost,21097,Timing,TRUE
OPP-7KOJ4TW6,ACC-V62W6Z10,CON-TNZLUAC1,2023-12-14,,Negotiation,24131,,TRUE
OPP-NSI8Q6AO,ACC-B4W2433P,CON-OHBBO6Y9,2025-09-23,2025-10-22,Closed Lost,57750,Pricing,FALSE
OPP-R5QFPCO8,ACC-RGNNF2TX,CON-NMNC3OVG,2024-11-15,2025-01-09,Closed Won,125664,,FALSE
OPP-JEKA4OJX,ACC-Q2ABH01C,CON-MQ2ZA7J7,2023-10-20,,Negotiation,45350,,TRUE
OPP-DAZL1FF3,ACC-VLQCDHTR,CON-YZHK1RD5,2023-08-27,2023-10-05,Closed Lost,76452,Timing,TRUE
OPP-OVMBOG6J,ACC-1NY5169E,CON-A4UL29UA,2024-01-14,,Proposal,50420,,TRUE
OPP-DFI9EA43,ACC-O4N85DZ7,CON-ADF776UI,2023-08-10,2023-09-25,Closed Won,39839,,FALSE
OPP-5K297AE5,ACC-OUEG9PDC,CON-RWWKD69J,2023-03-11,2023-04-21,Closed Won,53380,,TRUE
OPP-TDXRGG9Z,ACC-RBBEG365,CON-D2D1I4OI,2023-05-07,2023-07-02,Closed Won,32299,,TRUE
OPP-6GLEOT6D,ACC-0CK0CSQV,CON-S40O8I7K,2023-10-18,2023-12-11,Closed Lost,41065,Pricing,FALSE
OPP-7V63N7SK,ACC-0CZ998G7,CON-9F4JTCRE,2024-05-10,,Negotiation,101090,,TRUE
OPP-W104B2NV,ACC-JPVVLCV8,CON-3JW1MYNK,2025-04-20,2025-06-04,Closed Won,63020,,TRUE
OPP-RZAO9H0O,ACC-6KH6BQD0,CON-XUVSLCFB,2023-10-30,,Negotiation,79193,,TRUE
OPP-SW4ZHZQV,ACC-1NNMI28W,CON-PALN2ITW,2024-07-24,2024-09-15,Closed Lost,74541,Timing,TRUE
OPP-X6PNUN8S,ACC-CXYD4T70,CON-Y340FVZD,2024-04-04,,Proposal,68284,,TRUE
OPP-SI7QDG1D,ACC-KTDV6G14,CON-YIKIXY0G,2023-06-09,2023-07-27,Closed Lost,28003,No Decision,TRUE
OPP-6QB4AA1O,ACC-PGPURINI,CON-YMVRLAJP,2024-11-05,2024-12-20,Closed Lost,61305,Timing,TRUE
OPP-KDG53E89,ACC-M88GE42M,CON-1O0V1VL2,2023-06-22,2023-07-30,Closed Lost,8558,Pricing,FALSE
OPP-S8OQQ3EE,ACC-HE1V1OTX,CON-44682EM3,2025-06-01,,Negotiation,43137,,TRUE
OPP-UJ5KDBU9,ACC-1QT0RZOJ,CON-LJ9VAAGY,2025-06-24,2025-07-27,Closed Lost,22150,No Decision,FALSE
OPP-Q6GTFVOU,ACC-NW1PQ3E8,CON-0UPCHLIX,2024-12-13,2025-02-01,Closed Lost,153908,Pricing,TRUE
OPP-1DK5V14G,ACC-65D98UC3,CON-8OBGJ7H7,2024-04-13,2024-05-30,Closed Lost,20672,No Decision,TRUE
OPP-3BY3ODUV,ACC-BK2SXTNT,CON-5HM92TPV,2023-04-29,2023-06-13,Closed Won,58618,,FALSE
OPP-4DNPKI0C,ACC-IVGZ86TN,CON-3B9KUWEA,2024-12-05,,Proposal,128401,,TRUE
OPP-IGI4KBN4,ACC-RZOT7L03,CON-O78LO7HT,2023-06-20,2023-07-23,Closed Won,16034,,TRUE
OPP-UPURU8WI,ACC-DO8XD7N2,CON-YWZT4Q62,2023-10-18,,Negotiation,30534,,TRUE
OPP-FHXICKNM,ACC-4KGG5J0F,CON-6WNP1TPM,2024-02-17,2024-03-26,Closed Lost,20635,No Decision,TRUE
OPP-F6P7K7CE,ACC-BYXBCXED,CON-0M3C5Q58,2023-11-23,,Proposal,55920,,TRUE
OPP-U1SQ4LE4,ACC-SM2IRWBB,CON-DRWE7A0C,2023-04-25,,Proposal,34558,,FALSE
OPP-0DK9CM21,ACC-IGRDOUXY,CON-S3KKL2GB,2023-01-04,2023-02-21,Closed Won,85488,,TRUE
OPP-73B4ZV3U,ACC-A4ZOIXO3,CON-MDAPSWVV,2025-01-27,,Proposal,85875,,TRUE
OPP-AHWYJ3VS,ACC-21AVFGVR,CON-ZX3GJVKL,2025-08-18,2025-09-27,Closed Lost,30554,No Decision,TRUE
OPP-Q6PFI3RW,ACC-84LTNWKI,CON-FPWZ86A4,2023-01-07,,Negotiation,80207,,FALSE
OPP-AIDGWW9M,ACC-USDAKURS,CON-MV3AL1PF,2024-12-08,2025-01-10,Closed Won,19946,,TRUE
OPP-HAG1S83N,ACC-Q0S0BPEA,CON-ONMI428X,2024-03-25,,Negotiation,68064,,TRUE
OPP-FBG8UIJV,ACC-9NBJXWKW,CON-2KHTYNHL,2024-03-17,2024-04-28,Closed Lost,91426,Pricing,TRUE
OPP-7YUU53WY,ACC-FG0J8OV3,CON-RBKTN999,2024-07-19,2024-09-20,Closed Lost,32725,Competitor,TRUE
OPP-3ETTXCQZ,ACC-B1LQYN1F,CON-VFDHEWDS,2024-10-12,2024-12-16,Closed Won,41285,,TRUE
OPP-3LRP98H7,ACC-FTWCPZ7I,CON-ZP81AT70,2022-11-26,2023-01-01,Closed Won,76977,,FALSE
OPP-TCG814LS,ACC-YPO32KK4,CON-1ODGQJXY,2025-02-12,2025-03-18,Closed Lost,45243,No Decision,FALSE
OPP-HYYSRSQ8,ACC-OEZN3V3N,CON-UB93LFYO,2022-11-01,2022-12-11,Closed Won,54526,,TRUE
OPP-L6R2SCPC,ACC-82BQ5H7T,CON-M6EMILP5,2023-02-20,,Negotiation,36255,,FALSE
OPP-PHXNBA3V,ACC-L3FCE5XE,CON-5W5C9TCB,2024-09-22,,Proposal,121171,,FALSE
OPP-5AYXMVE2,ACC-0QZF6LUT,CON-XA750RVI,2023-06-05,2023-07-28,Closed Lost,98056,Timing,FALSE
OPP-N8Q6R98J,ACC-4AMNFEOC,CON-YOUJV30B,2023-08-15,2023-09-14,Closed Won,25431,,TRUE
OPP-7ENR0JB6,ACC-OFRWVC0Q,CON-ZACDFUR8,2025-02-11,,Proposal,48916,,TRUE
OPP-94X9OPCI,ACC-9G4RQORN,CON-Q9CSUM4H,2025-09-15,,Negotiation,40831,,TRUE
OPP-M5ZH2RHC,ACC-NMCT9VAA,CON-D7R8TH8I,2023-05-09,,Negotiation,45575,,TRUE
OPP-LUMD9425,ACC-CC4THF42,CON-GL8EZDA8,2025-06-23,2025-08-11,Closed Lost,85640,Pricing,FALSE
OPP-E151KJA7,ACC-AGXREZEZ,CON-JV3DEYOC,2023-08-16,,Proposal,31680,,FALSE
OPP-71NV40KB,ACC-CX39U62K,CON-503NSG4J,2025-01-25,,Negotiation,34060,,TRUE
OPP-ZKHFR1XC,ACC-B1LQYN1F,CON-VFDHEWDS,2023-09-12,,Negotiation,66365,,TRUE
OPP-28NLLZ5J,ACC-L8214CL0,CON-66D0NDS2,2024-08-17,2024-09-19,Closed Lost,196805,No Decision,TRUE
OPP-KJ7PB2JY,ACC-1J69W2KH,CON-91ZSTC7S,2024-08-18,2024-10-06,Closed Won,145852,,FALSE
OPP-MW05L8OO,ACC-VIJRL98Y,CON-4JJOFC5V,2025-08-29,2025-10-07,Closed Lost,131570,Timing,FALSE
OPP-J8ZYLTEL,ACC-31QLN7VR,CON-Z2WA46I4,2023-11-24,,Proposal,119335,,TRUE
OPP-0DHN1994,ACC-8HMPFHJN,CON-L00Z7XJC,2024-12-06,2025-01-25,Closed Won,51207,,FALSE
OPP-WHAPTHAF,ACC-MA98SM6K,CON-YPHUW9DD,2025-06-10,2025-07-20,Closed Lost,69825,Pricing,TRUE
OPP-1VREHYLT,ACC-W2TUZBFY,CON-NQ3DANKW,2023-03-08,2023-04-15,Closed Won,173491,,FALSE
OPP-XZ5Q53X5,ACC-PM3P0GTG,CON-HMIHDXRM,2025-01-31,2025-03-14,Closed Lost,45192,No Decision,TRUE
OPP-1LVH19WU,ACC-OFRWVC0Q,CON-ZACDFUR8,2025-08-04,2025-09-09,Closed Lost,43742,Competitor,TRUE
OPP-FZTT753E,ACC-GJFYHD27,CON-H6MHDGPZ,2024-03-18,2024-04-22,Closed Lost,71740,Competitor,FALSE
OPP-C3PW5GRO,ACC-IMCN1XXE,CON-MHXUWOMN,2023-06-08,,Negotiation,50069,,FALSE
OPP-0IMEMEEF,ACC-280YDCA2,CON-B34J2JIB,2024-01-22,2024-03-01,Closed Won,71977,,TRUE
OPP-ZIKGWUDH,ACC-P2W1AJSI,CON-9EC41NRM,2025-08-02,,Proposal,171117,,FALSE
OPP-D5X38MY3,ACC-CD1TONL5,CON-5LS6RCS3,2025-01-03,2025-02-06,Closed Won,22797,,TRUE
OPP-91W3FVG1,ACC-XMLOC6FQ,CON-6TZ8GXHY,2024-05-10,2024-06-14,Closed Lost,99343,No Decision,TRUE
OPP-4J7MY6F5,ACC-2VCXULWL,CON-MDHMCTQ6,2023-06-25,,Negotiation,39565,,FALSE
OPP-S9KMTRG8,ACC-OQ1KMG59,CON-V4ONJOTL,2023-09-27,,Negotiation,113414,,TRUE
OPP-NECMMQ91,ACC-EC3HEJJH,CON-KMLE39UK,2022-12-11,2023-01-16,Closed Won,23634,,TRUE
OPP-E9HL7Z8L,ACC-BYXBCXED,CON-0M3C5Q58,2024-07-29,2024-09-22,Closed Lost,57337,Timing,FALSE
OPP-4HMTBJRL,ACC-M190UXU5,CON-20QIWG9I,2023-12-14,,Negotiation,99714,,FALSE
OPP-PDDBVNIR,ACC-KTDV6G14,CON-YIKIXY0G,2023-10-24,,Proposal,74566,,TRUE
OPP-75GLVBUZ,ACC-SJWJRQ3E,CON-A3TZ07PU,2023-12-01,,Negotiation,44770,,TRUE
OPP-UXXLK0KP,ACC-SXEGY85I,CON-M7M83D8D,2022-11-01,,Negotiation,175668,,FALSE
OPP-ZGR559S6,ACC-USDAKURS,CON-MV3AL1PF,2024-07-07,2024-08-15,Closed Won,37168,,FALSE
OPP-JMYZKTFZ,ACC-K5KY61NA,CON-6XBDG9FO,2023-06-22,,Proposal,141116,,TRUE
OPP-NOU70JLC,ACC-WLCVD23O,CON-L83MD6J0,2025-05-25,2025-07-24,Closed Won,67894,,TRUE
OPP-HTW4ZDVU,ACC-JVR09L5N,CON-4INQJOXH,2024-09-24,2024-11-09,Closed Won,64388,,TRUE
OPP-FTC3XDX3,ACC-SXEGY85I,CON-M7M83D8D,2025-04-04,2025-05-17,Closed Won,40226,,TRUE
OPP-8WTC8699,ACC-D2XKWL0C,CON-8AJ1IZU7,2024-06-17,2024-07-19,Closed Won,52605,,FALSE
OPP-UHEBDKQ2,ACC-BR8PNZJA,CON-249686YD,2022-12-03,2023-01-15,Closed Lost,69861,Timing,TRUE
OPP-W193CJLS,ACC-VFCQKU5N,CON-27ICOFCA,2025-04-13,,Proposal,37363,,TRUE
OPP-EI3GMP6V,ACC-5K2865JF,CON-HVQU4CSO,2023-12-18,,Negotiation,44501,,TRUE
OPP-VHGPNFOO,ACC-AEQRTVPQ,CON-V31G6NGC,2024-02-20,,Negotiation,56451,,FALSE
OPP-XZZ2WFUC,ACC-JILRCB8E,CON-MR5OB87B,2023-04-23,2023-05-26,Closed Won,97659,,TRUE
OPP-O889ECIP,ACC-KOXPKK50,CON-OYCKIBTL,2024-02-16,2024-04-12,Closed Won,283579,,TRUE
OPP-VJ6QPDI1,ACC-HG0U9IR6,CON-Q09WVMKB,2025-10-22,2025-12-13,Closed Won,53543,,TRUE
OPP-R1FWMYKY,ACC-ZWYVPMBI,CON-GQPEOV7P,2024-04-14,2024-05-26,Closed Won,101527,,FALSE
OPP-WNQ3URA8,ACC-T28OX7ST,CON-PHFOXOOD,2025-10-10,2025-12-07,Closed Won,58045,,FALSE
OPP-8KN4KJNW,ACC-4OCUNSM3,CON-FYMFTVU5,2025-01-02,,Negotiation,80626,,TRUE
OPP-F9LHT8TP,ACC-O6D8OPG8,CON-TYDWNAJF,2023-03-08,2023-04-22,Closed Lost,115101,Pricing,TRUE
OPP-9S9MD8FW,ACC-XPI5QP9U,CON-WTYWBLNV,2024-07-31,,Negotiation,65716,,FALSE
OPP-6FELW1MR,ACC-5S9ZORNK,CON-6OHDFODJ,2023-07-09,,Negotiation,30854,,TRUE
OPP-8TKCEU4G,ACC-5TS15M9L,CON-FVU5VQSJ,2024-12-07,,Negotiation,15559,,TRUE
OPP-V1VQGYHZ,ACC-WBQXYDW3,CON-YFDZFF2E,2024-09-15,,Proposal,140900,,TRUE
OPP-97YZJGMM,ACC-W3V88F6R,CON-17PU70JY,2024-07-09,2024-08-18,Closed Lost,190025,Timing,TRUE
OPP-VLY63VAD,ACC-GV034CG7,CON-2SICHGZR,2025-04-24,2025-06-06,Closed Won,138504,,TRUE
OPP-5MS5O9OS,ACC-MA98SM6K,CON-YPHUW9DD,2025-09-25,2025-11-06,Closed Won,191364,,TRUE
OPP-Z5XW64GG,ACC-7THE04Q0,CON-4YQV49F0,2023-10-30,2023-11-28,Closed Lost,11133,Competitor,TRUE
OPP-ODITHRFX,ACC-33JJF1YS,CON-YOJ4GN75,2023-05-17,,Negotiation,25554,,TRUE
OPP-14H7176Q,ACC-B1EW1CMG,CON-4KSJCFJ6,2024-10-07,,Negotiation,80094,,TRUE
OPP-OPSZTW6I,ACC-9J2T0YOY,CON-IYQLUNRD,2025-01-12,2025-03-11,Closed Won,78138,,FALSE
OPP-H4GWJ4IR,ACC-0CIUKF0C,CON-X3RTS7J7,2023-06-20,2023-07-23,Closed Won,30830,,TRUE
OPP-FN9MWFEM,ACC-QCONCCDF,CON-1V6PBO6F,2024-08-09,2024-10-03,Closed Lost,42316,No Decision,TRUE
OPP-DHW33BQ1,ACC-DG4QR3BM,CON-Z268PU3U,2024-04-26,2024-06-23,Closed Lost,50966,Competitor,TRUE
OPP-7P5HEATS,ACC-3MYIFFKU,CON-7SO4H5NG,2024-08-24,2024-09-29,Closed Lost,98629,No Decision,FALSE
OPP-0XRVL0Q1,ACC-EYW46NOO,CON-O5IPY4AJ,2025-04-05,2025-05-06,Closed Lost,79230,Pricing,TRUE
OPP-JKK9DBWD,ACC-32K99TDC,CON-HEZYCOGM,2025-04-28,,Negotiation,60912,,TRUE
OPP-BUYO7861,ACC-FXSFFB63,CON-4S830XH3,2025-09-11,2025-10-18,Closed Won,36111,,TRUE
OPP-G4MIVV8L,ACC-9ZNTU1BK,CON-Q9QOIXOD,2023-04-15,2023-05-26,Closed Lost,82632,Timing,TRUE
OPP-49V1I20L,ACC-4QPPWJHN,CON-08JO706E,2023-01-29,2023-03-19,Closed Won,177343,,FALSE
OPP-JN54F185,ACC-9DV7IRFH,CON-G6GE6O8E,2025-04-27,,Negotiation,48522,,TRUE
OPP-2OSJJWBP,ACC-RBBEG365,CON-7CZAILO8,2025-03-21,,Negotiation,121577,,TRUE
OPP-T1KC7WKO,ACC-JU0V3SZJ,CON-VS421O26,2025-10-07,2025-11-19,Closed Won,165030,,TRUE
OPP-UUI39Y0C,ACC-3G27PTZZ,CON-83RB8O34,2023-11-10,,Negotiation,89914,,TRUE
OPP-QIZS2RB2,ACC-KFZTR0Y9,CON-VQ5A6CYH,2025-01-18,,Proposal,73192,,TRUE
OPP-I5JQLB1W,ACC-LSIWWDDC,CON-YRNAA39M,2023-06-22,2023-07-19,Closed Lost,39766,Timing,TRUE
OPP-QL7K0SI8,ACC-0M46675T,CON-YN0NGQMJ,2023-03-05,2023-04-12,Closed Lost,98437,Pricing,TRUE
OPP-HCW0KJGA,ACC-SMLJLVBN,CON-W8FMMVL9,2022-11-23,2022-12-31,Closed Lost,236467,No Decision,FALSE
OPP-3T0873Z8,ACC-C7TUXEXA,CON-YMLZ1SS5,2022-11-28,,Proposal,192816,,TRUE
OPP-8NCAZNNL,ACC-MY40D2ZJ,CON-VX0ML0P4,2025-04-07,2025-05-14,Closed Lost,119491,Pricing,TRUE
OPP-GEUIGXR6,ACC-0MLBUX1F,CON-9W9A3NGF,2024-08-29,2024-10-25,Closed Won,35996,,FALSE
OPP-3SZ0BFOY,ACC-FN8IFKYP,CON-5SFQYDCU,2025-07-18,,Negotiation,59596,,TRUE
OPP-IGGRZJU0,ACC-9EJ0PWOJ,CON-F5NR7CRX,2024-05-18,2024-06-29,Closed Won,80707,,TRUE
OPP-H7NQANWP,ACC-GP9D884T,CON-FS0XCPNN,2023-05-10,2023-07-05,Closed Won,53995,,TRUE
OPP-ER69P4W7,ACC-8G57FP83,CON-NC6KSX08,2024-10-19,,Proposal,280615,,FALSE
OPP-AM4V9KOH,ACC-ETNSMWXS,CON-A7DP2SEG,2024-03-29,2024-05-03,Closed Lost,129202,Timing,TRUE
OPP-K75HZ81G,ACC-8E6BMWGS,CON-UG8GJ6ET,2024-10-12,2024-11-14,Closed Lost,266491,Timing,TRUE
OPP-GS5U2EIY,ACC-J96XS145,CON-HEHBAQXD,2022-12-13,2023-01-07,Closed Won,34798,,FALSE
OPP-OAC0LTLX,ACC-2J2MK6NV,CON-Q3C2LRQB,2024-12-05,2025-01-22,Closed Won,150045,,FALSE
OPP-XQO4DAU4,ACC-52W4H8SY,CON-FNV8I1NV,2023-10-31,2023-12-10,Closed Lost,31545,Timing,TRUE
OPP-CUROYDUT,ACC-1MEBVSBI,CON-5QXW003V,2025-09-13,,Negotiation,198405,,FALSE
OPP-BNWC1LZZ,ACC-YE76UAZH,CON-UAX14MEO,2025-01-25,,Negotiation,98092,,TRUE
OPP-JCRQAWAI,ACC-JEVEFPUL,CON-8A5VIKWU,2023-08-14,,Proposal,5144,,FALSE
OPP-DP4FLSJX,ACC-LZVUR4HX,CON-DTRTWY6L,2025-02-27,,Negotiation,80200,,TRUE
OPP-7PRH61GI,ACC-9GHELTBL,CON-HBPMSIYB,2022-11-06,2022-12-18,Closed Lost,79055,Pricing,TRUE
OPP-F96IMTQC,ACC-74104Y6K,CON-ODB3XIIL,2023-06-03,2023-07-14,Closed Won,55888,,TRUE
OPP-5VJUAJZG,ACC-ABM1WHUI,CON-UIBLSDAR,2025-09-18,2025-10-27,Closed Won,32683,,TRUE
OPP-ZBBHHSAG,ACC-QZVDOMGY,CON-NB06XYBX,2024-04-23,,Negotiation,40586,,FALSE
OPP-HRU8Y39J,ACC-I4E88RVM,CON-DSBYFV2J,2024-09-06,2024-10-19,Closed Won,84072,,FALSE
OPP-1LQOXOX5,ACC-W5YJ6J1G,CON-PEW1SU8H,2024-08-19,2024-09-20,Closed Lost,55290,No Decision,TRUE
OPP-NY06M5R1,ACC-4XO5UIZM,CON-UA544BXF,2024-06-23,2024-08-07,Closed Won,42616,,TRUE
OPP-VTZ7LXW0,ACC-QR1IZP9E,CON-2CQVHYJH,2023-08-31,2023-10-08,Closed Lost,32592,Timing,FALSE
OPP-A4W81OXT,ACC-SD8NYMGC,CON-VW6GEMA4,2024-11-28,2025-01-26,Closed Won,54609,,FALSE
OPP-GZE88WBT,ACC-DJTBSTN8,CON-HXHDA815,2024-01-10,,Negotiation,106234,,TRUE
OPP-4T92XB4H,ACC-0CZ998G7,CON-9F4JTCRE,2023-02-07,2023-03-18,Closed Lost,55935,Competitor,TRUE
OPP-B9WZUM5D,ACC-3UUK9O0H,CON-QAMP8Z3P,2023-11-29,,Proposal,73089,,TRUE
OPP-E15IIM2C,ACC-QV7YGQJG,CON-9NZM6RY0,2025-07-01,2025-08-08,Closed Lost,61300,Pricing,FALSE
OPP-5D9IO2BB,ACC-GIXMGW10,CON-9USX26MQ,2024-07-04,,Negotiation,69643,,FALSE
OPP-3PXKWI2A,ACC-JYVGHTEK,CON-UEUC1I03,2024-09-17,2024-10-28,Closed Lost,96295,No Decision,TRUE
OPP-23YIWGMM,ACC-1MEBVSBI,CON-MSJTKETM,2023-11-22,,Negotiation,41459,,TRUE
OPP-78B5PKSX,ACC-IABPND9S,CON-NMC9MH8Z,2023-11-01,2023-12-11,Closed Lost,52732,No Decision,TRUE
OPP-UWJJPJ7B,ACC-9UJHHQ3Q,CON-XJTPYQMU,2024-08-16,2024-10-05,Closed Lost,36110,No Decision,TRUE
OPP-6I1A9R5R,ACC-KBK3I03J,CON-MWELHG9A,2024-04-11,2024-05-16,Closed Lost,70537,No Decision,TRUE
OPP-PY5ZKRBI,ACC-50Y75N3I,CON-D9SB0WCO,2024-08-12,,Negotiation,35937,,TRUE
OPP-TTCUH5EB,ACC-5QP7FYBM,CON-F7XVGWAH,2023-05-19,2023-07-14,Closed Lost,245949,Timing,TRUE
OPP-QXW73KKK,ACC-5ZRW7JAA,CON-Q6JKUU6M,2025-10-08,2025-11-18,Closed Lost,48054,Competitor,FALSE
OPP-FKR1LUH9,ACC-NCLLCK56,CON-XGJCFTI1,2024-05-27,2024-07-11,Closed Lost,75102,No Decision,TRUE
OPP-Q6ONSHEU,ACC-QI9PJN29,CON-1KYGK1AR,2023-04-19,2023-05-30,Closed Lost,65949,Timing,FALSE
OPP-YXDQPSKH,ACC-28YF037P,CON-UGD2OJNR,2023-07-27,2023-09-15,Closed Lost,128558,No Decision,TRUE
OPP-04CZ8LOA,ACC-QI9PJN29,CON-1KYGK1AR,2024-01-15,2024-02-19,Closed Lost,129155,Pricing,TRUE
OPP-8LA1N3IK,ACC-I0ZKDKWW,CON-49QTYBDW,2024-02-11,2024-03-09,Closed Lost,58766,No Decision,FALSE
OPP-DYMSZN47,ACC-GV29JLTC,CON-RHVAVWDK,2024-09-12,,Negotiation,51596,,TRUE
OPP-PDQ7YNXE,ACC-N87QX6AG,CON-NKN9JCRU,2025-07-14,,Proposal,64487,,TRUE
OPP-F2ASU5XZ,ACC-L8214CL0,CON-66D0NDS2,2025-07-22,,Negotiation,148791,,FALSE
OPP-JOLPM933,ACC-G8W26H4H,CON-AJ3WSGX3,2025-09-15,,Proposal,32205,,TRUE
OPP-XX7OI2YH,ACC-QZVDOMGY,CON-HBJY6OFR,2023-09-25,2023-11-06,Closed Won,49693,,TRUE
OPP-BL3SHH3V,ACC-Y77GC42M,CON-MK486M8R,2025-03-14,,Negotiation,38421,,TRUE
OPP-MX78OE91,ACC-B4W2433P,CON-OHBBO6Y9,2024-07-07,2024-08-28,Closed Lost,191743,Competitor,TRUE
OPP-0XU35XDA,ACC-HUE2LTB1,CON-OGKF7IU9,2022-12-11,2023-02-02,Closed Won,28808,,TRUE
OPP-5923OO92,ACC-OBHJ663L,CON-J49C6YE5,2024-04-25,2024-06-05,Closed Won,38161,,TRUE
OPP-W4AZDEGI,ACC-U7PJJ1AF,CON-VCZHSSL6,2024-09-17,,Proposal,96880,,FALSE
OPP-Z3EJHTVZ,ACC-4EWTOUUJ,CON-DDWV8AOE,2023-12-01,2024-01-16,Closed Won,86847,,FALSE
OPP-G9CL7PNH,ACC-EQXEZ6XI,CON-DKI1UTUA,2025-03-13,2025-04-26,Closed Lost,33388,Pricing,TRUE
OPP-0YK210F7,ACC-1QT0RZOJ,CON-864JK52G,2023-11-13,2023-12-20,Closed Lost,325448,Competitor,TRUE
OPP-P5JOU2YE,ACC-YJM17LOX,CON-BQ2947O8,2024-06-13,2024-07-09,Closed Won,136917,,TRUE
OPP-COA34MA4,ACC-YYF4EVBE,CON-UQJY16YM,2023-04-24,2023-06-07,Closed Lost,108335,Pricing,TRUE
OPP-KKE7BVBX,ACC-DG48TF1F,CON-N3WFTDAC,2023-11-01,,Negotiation,247096,,TRUE
OPP-ABZ5F8G6,ACC-BYXBCXED,CON-0M3C5Q58,2025-05-31,2025-07-07,Closed Lost,62532,No Decision,FALSE
OPP-1QZN81RD,ACC-MIVXF1TR,CON-R4708SSB,2025-05-03,2025-06-19,Closed Lost,55398,Competitor,TRUE
OPP-5KJFG1P0,ACC-5BD3SNL1,CON-0015RG72,2025-01-06,2025-02-25,Closed Lost,173647,Timing,FALSE
OPP-RLAF5PFZ,ACC-7BNHKGKB,CON-KZX35GOI,2023-11-16,,Proposal,32345,,TRUE
OPP-NH27QK1P,ACC-ERAL8UC2,CON-H2KF476O,2024-03-16,2024-05-02,Closed Lost,132261,Pricing,TRUE
OPP-98XNBNL6,ACC-W7WZ3011,CON-TELDPHZG,2023-04-17,2023-06-06,Closed Won,34716,,FALSE
OPP-QHWA7MIC,ACC-W3V88F6R,CON-344GHGTX,2025-07-14,2025-09-07,Closed Lost,33659,Pricing,TRUE
OPP-XRKDNU6K,ACC-AJQMEY0G,CON-WVYMIHOB,2023-08-12,2023-09-15,Closed Won,47321,,TRUE
OPP-RF6MCRVK,ACC-G31VH6SO,CON-2Q3ZX577,2022-12-03,,Negotiation,226042,,FALSE
OPP-QKH3XJBR,ACC-QVCEJTI4,CON-6ZDP00WY,2024-12-02,2025-01-14,Closed Lost,27160,No Decision,TRUE
OPP-WVPE1GL4,ACC-OJDY9NI2,CON-GC1ULN5M,2023-06-06,,Negotiation,32408,,TRUE
OPP-TTD7BSX0,ACC-PES64A93,CON-VDRLIFPL,2023-03-26,2023-05-03,Closed Won,96992,,TRUE
OPP-KQ0QE8LC,ACC-0B0PBCHB,CON-R8VTDA2H,2023-02-20,2023-04-09,Closed Won,25662,,TRUE
OPP-MEE92O4M,ACC-63USBKMG,CON-CPGVQU7P,2025-08-07,2025-09-13,Closed Lost,103352,Timing,FALSE
OPP-7P3EIVJW,ACC-C2X0XXH3,CON-8GP9L8K9,2023-02-22,,Negotiation,31231,,TRUE
OPP-2MDSZWY4,ACC-RHP059QG,CON-OYAWOECX,2025-05-29,2025-08-01,Closed Lost,21984,Competitor,TRUE
OPP-6KOJK5Y7,ACC-6210KQKM,CON-N3BP5J9B,2023-01-16,2023-03-09,Closed Lost,39572,No Decision,TRUE
OPP-FMRK6LYD,ACC-C2X0XXH3,CON-FAYJAUR2,2023-09-10,2023-11-01,Closed Lost,55868,Pricing,FALSE
OPP-8QAPQEUI,ACC-K4R6ZK8F,CON-9QEW040W,2023-05-31,,Negotiation,171543,,FALSE
OPP-QAJVCC5E,ACC-I1XCWCPP,CON-UBOVPYBD,2024-10-02,,Negotiation,106144,,FALSE
OPP-C0N9R28M,ACC-T9Q2TCZI,CON-1808IHX7,2024-08-29,2024-10-09,Closed Lost,57147,No Decision,TRUE
OPP-3DFWXAJ2,ACC-2C3RR3ZT,CON-I99Z4243,2025-08-03,2025-09-15,Closed Won,89836,,TRUE
OPP-1YNW7ZD1,ACC-EB22JDQP,CON-AVKX2HWN,2025-09-06,,Proposal,125807,,FALSE
OPP-HIPHIQSO,ACC-AEP4MC2R,CON-0WD46SCF,2024-10-18,2024-11-27,Closed Lost,40327,Timing,FALSE
OPP-LO97JNKH,ACC-C7TUXEXA,CON-YMLZ1SS5,2023-06-25,2023-08-14,Closed Lost,52500,No Decision,FALSE
OPP-9KCHFJ9L,ACC-8HMPFHJN,CON-L00Z7XJC,2024-04-04,,Negotiation,71920,,FALSE
OPP-0RLJ429W,ACC-1L57AIW8,CON-RSS0SMUF,2024-01-04,2024-02-23,Closed Lost,15623,No Decision,TRUE
OPP-90P3T9W4,ACC-QCM2VGJP,CON-HGZS10Q3,2024-08-18,,Proposal,37119,,TRUE
OPP-FFC47QUK,ACC-368NKF7B,CON-F8G8RUZZ,2023-01-11,,Negotiation,39988,,FALSE
OPP-65HZS4UB,ACC-5IASSXQ3,CON-3ZVIVF3U,2024-11-26,,Negotiation,84714,,FALSE
OPP-E0O3E1IG,ACC-T9Q2TCZI,CON-1808IHX7,2025-06-17,,Proposal,93600,,FALSE
OPP-LKFN14FK,ACC-KQAN4DAW,CON-ZPIEAAX9,2023-02-04,2023-03-26,Closed Won,74734,,FALSE
OPP-0H687UAN,ACC-P0SJBOYX,CON-6QV71M4H,2024-12-29,,Proposal,48536,,FALSE
OPP-KCML21QZ,ACC-L86YMKJL,CON-WH7CO6VM,2023-09-11,,Negotiation,77484,,TRUE
OPP-JLMNQ441,ACC-JU0V3SZJ,CON-VS421O26,2022-10-26,,Negotiation,35244,,FALSE
OPP-IM2Y5RQ3,ACC-CE6UKNNB,CON-HL3G1BEV,2023-09-20,,Proposal,31565,,TRUE
OPP-36A70QCJ,ACC-1AHFYSXX,CON-QSRGYALM,2023-04-26,,Proposal,24038,,TRUE
OPP-R9QTZVYU,ACC-0B0PBCHB,CON-R8VTDA2H,2023-11-11,,Negotiation,67482,,TRUE
OPP-TCDX4017,ACC-HFXMGGLM,CON-KZ9NEKKV,2025-09-24,2025-11-14,Closed Lost,15209,No Decision,TRUE
OPP-NI1SLV34,ACC-6C0A393Q,CON-XUQUP3D4,2024-11-01,,Negotiation,71440,,TRUE
OPP-DY53TOSW,ACC-LML9QB5D,CON-BL1JKJX7,2025-07-03,2025-08-05,Closed Won,42963,,FALSE
OPP-B0YURQM6,ACC-DHQKPF2D,CON-5MY7JXWL,2025-04-19,2025-06-07,Closed Lost,62142,Competitor,TRUE
OPP-CO1GY0JK,ACC-YYF4EVBE,CON-G3AME9XQ,2025-05-05,,Proposal,126401,,FALSE
OPP-2WSTKFZK,ACC-U2U7CSNW,CON-F3WRN4BB,2025-05-10,,Negotiation,118530,,FALSE
OPP-4NVNHUP7,ACC-M190UXU5,CON-LDJIOSTG,2024-02-07,,Negotiation,99626,,FALSE
OPP-YBZRD5J5,ACC-Z0VPLF0A,CON-Z82AF0LS,2025-04-12,2025-05-30,Closed Lost,79314,Competitor,FALSE
OPP-C897J6PB,ACC-4AMNFEOC,CON-YOUJV30B,2022-11-24,,Proposal,27113,,FALSE
OPP-4AXZSRPZ,ACC-JYVGHTEK,CON-UEUC1I03,2024-10-20,,Proposal,69280,,TRUE
OPP-0Z1CCV8M,ACC-5FRLE6G9,CON-TDALX1T3,2025-01-22,2025-03-18,Closed Lost,164565,Competitor,FALSE
OPP-29K6J6L1,ACC-BR8PNZJA,CON-249686YD,2025-08-14,2025-09-20,Closed Lost,145361,Timing,TRUE
OPP-7WLJKW7C,ACC-ETNSMWXS,CON-A7DP2SEG,2025-07-27,2025-09-17,Closed Lost,87569,Competitor,FALSE
OPP-6GY1GP2Q,ACC-DHC4RFDS,CON-H5AIHQC4,2024-04-27,2024-06-12,Closed Lost,87735,Competitor,TRUE
OPP-EZXFTRSI,ACC-8112O8L7,CON-1OZ1TNN3,2025-05-03,2025-06-27,Closed Lost,53182,Pricing,TRUE
OPP-FWLV18SF,ACC-FWM1FT2J,CON-56KAKPTT,2024-03-26,2024-05-12,Closed Won,68860,,TRUE
OPP-992D8ETK,ACC-GV034CG7,CON-2SICHGZR,2025-06-08,,Proposal,116113,,TRUE
OPP-UXYH1ZHM,ACC-VUMSPZPV,CON-VK6QB4VR,2025-03-20,2025-04-28,Closed Lost,67118,Timing,TRUE
OPP-WLZQ0SCB,ACC-JEVEFPUL,CON-BVV57SMP,2025-07-07,2025-08-24,Closed Lost,172174,Pricing,TRUE
OPP-L2YBD25Y,ACC-GIXMGW10,CON-9USX26MQ,2023-07-11,,Proposal,25604,,TRUE
OPP-VZ0N6SRV,ACC-IVGZ86TN,CON-RBQCYXHE,2024-06-29,2024-08-11,Closed Lost,35626,Timing,TRUE
OPP-P8PLRGMU,ACC-5F5HJ33C,CON-PCNJEAX2,2024-11-07,2024-12-18,Closed Won,81552,,TRUE
OPP-MA0LX06W,ACC-P4I81D0G,CON-RXVVBCH7,2024-02-01,,Negotiation,233170,,TRUE
OPP-D2PQPO1F,ACC-OQ1KMG59,CON-81MQ6MOO,2025-09-02,,Negotiation,30114,,FALSE
OPP-H4GA1UHH,ACC-YPO32KK4,CON-MQJEGPT2,2022-10-30,,Negotiation,21528,,FALSE
OPP-JI82KULL,ACC-JJC6JHSN,CON-ZBFWOENJ,2025-01-29,,Proposal,29674,,TRUE
OPP-AZG487UQ,ACC-HLH9G3SR,CON-U01VYXTB,2023-04-05,2023-05-01,Closed Won,97199,,FALSE
OPP-HLSYKQDI,ACC-K5KY61NA,CON-HOB4UXYB,2023-11-24,2024-01-05,Closed Lost,31169,Competitor,TRUE
OPP-VZGDI2D6,ACC-CDO9Z9DM,CON-I1J62IKA,2023-08-25,2023-10-18,Closed Lost,34961,No Decision,FALSE
OPP-TPSKWCXE,ACC-GI907KOC,CON-25U3HMJU,2024-11-04,2024-12-18,Closed Lost,57646,Pricing,TRUE
OPP-M7BQI38K,ACC-QCONCCDF,CON-9UQVABFN,2025-02-14,2025-04-04,Closed Won,78709,,FALSE
OPP-65VRPGM3,ACC-O6V2RIJG,CON-DHQFO0FK,2024-11-09,2024-12-21,Closed Lost,60963,No Decision,TRUE
OPP-6VMSIDTK,ACC-178U8LEC,CON-03PTFV84,2025-04-02,2025-06-02,Closed Won,133897,,TRUE
OPP-R7X0AFYY,ACC-3FT8QEWO,CON-KO6RFWSA,2024-08-19,,Proposal,54256,,FALSE
OPP-LX7I8BCZ,ACC-RF346YZM,CON-V663JAQ7,2025-01-09,,Proposal,17020,,TRUE
OPP-WHKVRF34,ACC-GI907KOC,CON-25U3HMJU,2024-09-05,2024-10-30,Closed Won,107695,,TRUE
OPP-A3OKSFKB,ACC-3AS1V3D1,CON-EH1MPRNY,2023-09-24,2023-10-28,Closed Lost,64528,Competitor,TRUE
OPP-2OFEK91W,ACC-U05NFIO4,CON-43R4X1UQ,2025-04-05,2025-05-22,Closed Lost,36251,No Decision,FALSE
OPP-IOIAVIAM,ACC-WM7G6UJU,CON-F7ER3HN3,2023-03-18,2023-05-03,Closed Lost,96840,No Decision,FALSE
OPP-FUSTAV1E,ACC-AWCI6OR7,CON-NKP73C8R,2024-06-24,2024-08-04,Closed Lost,71898,Competitor,TRUE
OPP-0IN61MOO,ACC-7DF6IXPZ,CON-WMXNEB78,2024-05-26,,Proposal,21955,,TRUE
OPP-ZN7YBCRJ,ACC-58W8VWNU,CON-CWO7SGD3,2023-02-09,2023-03-31,Closed Lost,98952,Timing,TRUE
OPP-H0Q9RLEW,ACC-0VE09U1B,CON-E4CWVYJV,2025-01-27,2025-02-27,Closed Lost,19315,Timing,FALSE
OPP-QUMZC8XN,ACC-QZZO0X9O,CON-6LZYKHWD,2024-12-01,2025-01-13,Closed Lost,98415,Timing,FALSE
OPP-SX0YMTUY,ACC-5XELP38N,CON-A7WULVBJ,2024-02-11,,Negotiation,59031,,TRUE
OPP-KUQ1L9C1,ACC-2C3RR3ZT,CON-I99Z4243,2023-06-26,2023-08-21,Closed Lost,25986,No Decision,FALSE
OPP-I1Y6BQD3,ACC-ARUP20Y8,CON-TKSHGGSN,2024-10-05,2024-11-12,Closed Won,16368,,TRUE
OPP-9Z8J4OLS,ACC-ME67LOPV,CON-0QKL7DBB,2025-03-06,2025-03-29,Closed Lost,94232,No Decision,TRUE
OPP-1P4KTKNJ,ACC-SD8NYMGC,CON-VW6GEMA4,2023-09-18,,Negotiation,91017,,TRUE
OPP-POE7606W,ACC-MUI378CT,CON-YKIMY4HC,2025-10-05,2025-11-07,Closed Lost,29712,Pricing,FALSE
OPP-9E93N3DN,ACC-B11OIYHG,CON-4D4S5XG1,2024-04-20,,Negotiation,60310,,TRUE
OPP-9EZ1MQOK,ACC-CG8QSAFJ,CON-NNVH2O9L,2025-03-04,,Negotiation,21853,,FALSE
OPP-OWT9Q803,ACC-4TG3NZ1W,CON-E9P8TYX8,2023-07-14,,Proposal,159910,,FALSE
OPP-K9YLT4OR,ACC-0P37RX0L,CON-8X6PSNXG,2025-01-27,2025-03-17,Closed Lost,12685,Timing,TRUE
OPP-SVV9NGQC,ACC-BUH957JU,CON-IR2AGFZ0,2023-01-04,,Negotiation,83269,,TRUE
OPP-56OSYHPW,ACC-1NNMI28W,CON-PALN2ITW,2024-06-18,,Negotiation,97293,,TRUE
OPP-1BC0POQJ,ACC-S6G2JVJU,CON-7IGF17O8,2025-08-25,,Proposal,60901,,TRUE
OPP-24V3ROO3,ACC-MIVXF1TR,CON-CAMZB3IN,2023-05-27,,Negotiation,21578,,TRUE
OPP-265TS2QL,ACC-R393416N,CON-ILPLBDKB,2023-07-04,2023-08-19,Closed Lost,332556,Competitor,FALSE
OPP-D447QR6S,ACC-WLCVD23O,CON-JDFPEERD,2025-07-17,,Proposal,78217,,TRUE
OPP-ZNJ8UIAE,ACC-9ZUJZEF0,CON-6LG5QVC7,2022-11-29,,Negotiation,19770,,FALSE
OPP-97M632VJ,ACC-Z10RV5FO,CON-GKIMZDDT,2024-09-06,2024-10-31,Closed Won,61131,,FALSE
OPP-7L7N205D,ACC-M88GE42M,CON-YWN5QHNG,2023-07-29,2023-09-22,Closed Lost,19376,No Decision,TRUE
OPP-2AEJAQ3K,ACC-LW4IRX75,CON-R2YOZ0RR,2024-07-14,2024-09-15,Closed Lost,80073,No Decision,FALSE
OPP-QGO3MXH0,ACC-0XVR4791,CON-W37HN3Z8,2023-06-15,,Proposal,17034,,TRUE
OPP-EDV4CYK5,ACC-A2TWFLZN,CON-X37H8QDD,2024-08-18,,Negotiation,156824,,TRUE
OPP-4I1QLUG5,ACC-LVANCZPW,CON-B5V9VEXW,2025-03-09,,Proposal,38477,,TRUE
OPP-QQIH7TK5,ACC-K6CZRS5M,CON-SU3ADL7V,2023-02-09,2023-03-20,Closed Lost,34129,Timing,TRUE
OPP-Q55L1C7S,ACC-A4SFFK1L,CON-RY7QZUYV,2024-08-18,,Negotiation,16741,,TRUE
OPP-7X5MELLT,ACC-Z9T4492B,CON-B4362GK2,2023-04-19,,Proposal,122449,,TRUE
OPP-0QLY0O63,ACC-AGXREZEZ,CON-LVYW3GV3,2024-03-20,,Proposal,34084,,FALSE
OPP-JZ4BHFXH,ACC-W7FUMKNQ,CON-U6GI5GDY,2023-04-10,2023-05-23,Closed Lost,12686,Competitor,TRUE
OPP-OZNVQJWI,ACC-ROKZOI46,CON-OU0JWRN2,2023-11-09,2023-12-27,Closed Lost,52414,Competitor,TRUE
OPP-NL52FLU4,ACC-KTDV6G14,CON-YIKIXY0G,2024-12-03,2025-01-19,Closed Won,96985,,TRUE
OPP-UBYBJL15,ACC-NLMVR85F,CON-LW4DTVXL,2022-12-12,,Proposal,61774,,FALSE
OPP-OWTPMDKD,ACC-9A6YQ71X,CON-V6NN22CC,2023-05-09,,Negotiation,78651,,TRUE
OPP-PL5Y60Z7,ACC-XZRLQEKA,CON-2158MDK6,2025-07-01,,Proposal,169534,,FALSE
OPP-XW7DJVQB,ACC-CXYD4T70,CON-4LFW6W5X,2023-08-27,2023-10-07,Closed Lost,51281,Pricing,FALSE
OPP-EOA2FAKK,ACC-GSL55JQA,CON-DAIG1VI7,2024-03-08,2024-04-24,Closed Lost,26223,Competitor,TRUE
OPP-E1I9FKJ9,ACC-TV1066HW,CON-E10KNJTC,2025-09-01,2025-11-03,Closed Won,153620,,TRUE
OPP-BM7OUI1Y,ACC-C3RLSOST,CON-AVPLA6S4,2025-07-02,2025-08-20,Closed Won,67452,,TRUE
OPP-68ND7Y59,ACC-EHHCGII3,CON-JIMAJ3NS,2022-12-10,,Proposal,34513,,TRUE
OPP-J7PJTQCM,ACC-4B4CDZZL,CON-25MJPZGM,2023-09-30,2023-10-25,Closed Won,34896,,TRUE
OPP-IDALA7UT,ACC-EC3HEJJH,CON-KMLE39UK,2023-10-07,,Proposal,72174,,FALSE
OPP-3HFBAETQ,ACC-BKQG6MXE,CON-7LRTK6PZ,2023-04-18,,Proposal,26035,,FALSE
OPP-9Y6IFAZ1,ACC-6KH6BQD0,CON-XUVSLCFB,2024-07-29,2024-09-03,Closed Lost,140813,Timing,TRUE
OPP-JC5CZ9P7,ACC-XCUHCVAI,CON-F1U4SCLA,2022-11-07,,Proposal,160912,,TRUE
OPP-BR3ZB28T,ACC-0HC8CNVZ,CON-U64N3AY5,2024-09-05,,Proposal,72152,,FALSE
OPP-A44WJYHO,ACC-VFCQKU5N,CON-0NXEFOTA,2022-12-25,,Negotiation,186065,,FALSE
OPP-IKO96V4R,ACC-J4X83UNC,CON-JK2IVZGH,2025-06-05,,Negotiation,29128,,TRUE
OPP-I4KA7834,ACC-W7WZ3011,CON-XQGP8S7T,2024-10-23,2024-12-04,Closed Won,76403,,FALSE
OPP-QR3MDWKJ,ACC-YGGRHSRQ,CON-2YBC08AP,2025-02-15,,Negotiation,148424,,TRUE
OPP-I4X4UKM6,ACC-ZHJK2H0R,CON-7776BKWY,2024-12-14,2025-01-24,Closed Won,123229,,TRUE
OPP-TUIB3LEL,ACC-JRCQAC35,CON-W5O8E2VV,2024-02-28,2024-04-25,Closed Won,25170,,FALSE
OPP-20JBL6FU,ACC-7QWOQGBC,CON-KHO4DFI9,2024-04-20,,Negotiation,135419,,FALSE
OPP-QA72800K,ACC-QCONCCDF,CON-9UQVABFN,2025-04-12,,Negotiation,124196,,TRUE
OPP-ZYYNN0ZN,ACC-CHSM3KMO,CON-58N2HWBB,2023-04-06,,Proposal,68341,,TRUE
OPP-Q2NSHET0,ACC-6C0A393Q,CON-9AFJJK2N,2024-04-04,2024-05-08,Closed Lost,101884,Timing,FALSE
OPP-HWZDNFCY,ACC-GI907KOC,CON-25U3HMJU,2024-01-06,,Negotiation,223623,,FALSE
OPP-PFLLDIWE,ACC-8J2DLN3W,CON-H8ATTDJ6,2024-07-17,2024-09-04,Closed Won,31199,,FALSE
OPP-RTB2ORZH,ACC-AQXD6B7U,CON-A5GIFDRL,2023-03-24,2023-05-20,Closed Won,123437,,FALSE
OPP-51EQ7B9O,ACC-WLCVD23O,CON-L83MD6J0,2025-02-28,2025-04-20,Closed Lost,102672,No Decision,FALSE
OPP-E4RJZDN8,ACC-G7QTN6FG,CON-76M5BCJN,2024-07-05,2024-08-23,Closed Won,46222,,FALSE
OPP-A9QLPB6E,ACC-EBCWOKCF,CON-L8Y6H9WA,2023-10-13,2023-11-23,Closed Lost,57730,Timing,FALSE
OPP-PNA3WXFD,ACC-HJ7LL8BR,CON-B3V7U7MY,2023-08-22,,Proposal,97814,,FALSE
OPP-7QV1JNBN,ACC-O6V2RIJG,CON-IO99EUSI,2024-06-08,,Negotiation,60204,,TRUE
OPP-Y4N3RKJD,ACC-7SEE6Z0R,CON-GHC4VFC9,2024-03-15,2024-04-16,Closed Won,116573,,TRUE
OPP-4NBDCGRA,ACC-E5J4SI2B,CON-IS7G2BDI,2023-06-12,2023-08-10,Closed Won,35200,,TRUE
OPP-89SL6X6R,ACC-B1LQYN1F,CON-22YYG1RU,2023-09-20,,Negotiation,105833,,FALSE
OPP-PT2ZCRER,ACC-ED3LY1HF,CON-5SX3KPLI,2025-02-27,2025-04-08,Closed Lost,414239,Pricing,TRUE
OPP-ISJZXG6X,ACC-MHY6RMRO,CON-CRN7OD7A,2023-11-07,,Proposal,150278,,TRUE
OPP-R37QRPYK,ACC-YGGRHSRQ,CON-2YBC08AP,2024-10-09,2024-11-18,Closed Won,20786,,TRUE
OPP-K1BIARPM,ACC-L86YMKJL,CON-WH7CO6VM,2023-07-03,2023-08-26,Closed Lost,42667,Timing,FALSE
OPP-RGAUA9HV,ACC-KXMG32BV,CON-A1VQGSCQ,2024-07-21,,Negotiation,70821,,FALSE
OPP-7KE8SJFV,ACC-EWF0DJJ3,CON-G0VMOAYL,2023-12-22,2024-01-26,Closed Lost,86434,No Decision,TRUE
OPP-53RQKHGN,ACC-L5KU4NJ2,CON-A25MOVY6,2024-12-21,,Proposal,31162,,TRUE
OPP-Q239ILOP,ACC-FQXSNI1E,CON-OR6IU75W,2023-11-13,2024-01-02,Closed Won,29574,,FALSE
OPP-QSRFJU3H,ACC-PKRVMW82,CON-NWXVPFN9,2025-04-09,,Proposal,40839,,TRUE
OPP-0VKNVWTO,ACC-XHCR6LYI,CON-XF2AV7BI,2025-10-03,2025-11-11,Closed Lost,67212,Timing,FALSE
OPP-W0KXIPOO,ACC-N49ZBXTN,CON-6EB7EPWD,2025-07-07,2025-08-21,Closed Lost,43180,No Decision,FALSE
OPP-UIUIQ6C6,ACC-42F17XJY,CON-QPK86SWN,2023-08-21,,Proposal,53363,,FALSE
OPP-RJYVK83A,ACC-YQ6N45M3,CON-EZDRAIXM,2025-02-06,2025-03-22,Closed Lost,91629,Timing,TRUE
OPP-M9M7BMGI,ACC-E1F8RPOH,CON-0J8ROHOB,2024-02-09,,Negotiation,107260,,FALSE
OPP-66DR34SD,ACC-HJ7LL8BR,CON-B3V7U7MY,2025-03-31,2025-05-07,Closed Lost,109409,Pricing,TRUE
OPP-KJCUTD42,ACC-VLQCDHTR,CON-BJBR8X0W,2025-07-26,,Proposal,49663,,FALSE
OPP-YHAOQBF4,ACC-1NY5169E,CON-N7OJEY1O,2025-09-02,2025-10-22,Closed Lost,60915,Pricing,FALSE
OPP-NDT3JYSJ,ACC-9NBJXWKW,CON-2KHTYNHL,2025-07-27,2025-09-17,Closed Lost,33613,Timing,FALSE
OPP-UIUQB8Y3,ACC-NCLLCK56,CON-XGJCFTI1,2025-06-13,2025-08-02,Closed Lost,90905,No Decision,FALSE
OPP-TQV4EWL2,ACC-G31VH6SO,CON-2Q3ZX577,2023-07-20,,Proposal,28489,,TRUE
OPP-T3ZGFTO9,ACC-NMQOFUOM,CON-CWC7F7NT,2024-12-31,2025-02-10,Closed Lost,102354,Timing,FALSE
OPP-A0PSJY3O,ACC-3KDSUJE1,CON-C44TTN0F,2024-12-10,,Negotiation,372730,,TRUE
OPP-SUASVWYA,ACC-I4E88RVM,CON-DSBYFV2J,2025-06-29,,Negotiation,27159,,TRUE
OPP-WN51KJSV,ACC-C18DFLHW,CON-0N5Y76A6,2023-08-31,,Proposal,47390,,FALSE
OPP-OHMHPWUT,ACC-1HZ5LS6M,CON-L7MF7BUX,2024-01-19,,Proposal,84609,,TRUE
OPP-AAV3W1ED,ACC-MUMLUGZI,CON-LFAXLF93,2023-06-25,2023-08-19,Closed Won,125421,,TRUE
OPP-99C04KAY,ACC-1NY5169E,CON-N7OJEY1O,2025-03-15,2025-05-01,Closed Lost,21335,Pricing,TRUE
OPP-YA0ZQ8HE,ACC-N6F269OY,CON-3EW8RTK4,2024-03-08,,Negotiation,104738,,FALSE
OPP-6H2V667G,ACC-NBDR23WH,CON-YVPEHJU2,2024-01-09,2024-03-05,Closed Lost,38011,Timing,FALSE
OPP-AWIA3VWE,ACC-ILVWYP71,CON-VNL6BO0R,2025-03-29,2025-05-14,Closed Lost,23256,No Decision,TRUE
OPP-OG4XMAWL,ACC-AJCAPR4O,CON-301HQLS1,2024-01-13,2024-03-08,Closed Won,27084,,TRUE
OPP-JG5HW8XQ,ACC-VDRNZDU8,CON-UE3GFJ6E,2023-12-04,2024-01-13,Closed Won,123124,,TRUE
OPP-0WNKTTC7,ACC-2FPFL3AA,CON-4AUFFJNY,2024-07-28,2024-09-16,Closed Won,417175,,FALSE
OPP-UJFT6YFF,ACC-QY9K1OL8,CON-H26WBRHW,2022-12-17,2023-02-14,Closed Lost,33377,No Decision,TRUE
OPP-2SDYSN7E,ACC-NU5YRZH9,CON-HQW70MW6,2023-10-09,2023-11-21,Closed Lost,75337,Timing,FALSE
OPP-CD9I88D9,ACC-FWM1FT2J,CON-56KAKPTT,2024-06-24,2024-08-17,Closed Lost,120877,Competitor,TRUE
OPP-GPCQ1B98,ACC-4WN8GBWI,CON-E2MVDIXB,2023-11-14,,Negotiation,201312,,FALSE
OPP-5TCGXIL6,ACC-PM3P0GTG,CON-HMIHDXRM,2024-10-11,2024-11-30,Closed Won,47950,,FALSE
OPP-DCWDY3LU,ACC-D8Q3ECAC,CON-36LRAGK5,2025-05-12,2025-06-22,Closed Won,55343,,FALSE
OPP-GL91LSQF,ACC-SM2IRWBB,CON-DRWE7A0C,2022-12-06,,Proposal,120728,,FALSE
OPP-4J5MT211,ACC-AO4FZK06,CON-IL727ZQE,2024-08-31,2024-10-17,Closed Lost,12493,No Decision,FALSE
OPP-R1JFGRQ2,ACC-2CPA026F,CON-KUW1SQ2F,2023-07-16,2023-08-06,Closed Won,43426,,TRUE
OPP-9T5WOZLP,ACC-0DYA3H8I,CON-RI1I7VOG,2023-10-17,2023-12-13,Closed Won,40501,,TRUE
OPP-FX5FFX49,ACC-YA1ITOIK,CON-M9BZMZ8M,2024-03-22,,Proposal,28286,,TRUE
OPP-GUIPS9N7,ACC-FTWCPZ7I,CON-ZP81AT70,2024-06-20,2024-08-02,Closed Won,154749,,FALSE
OPP-2E7TXAFT,ACC-UQCG4IJB,CON-MY4UJJSD,2024-09-04,2024-10-15,Closed Won,39240,,FALSE
OPP-RMP84K65,ACC-ABM1WHUI,CON-6S6OJWV0,2025-03-08,2025-05-29,Closed Lost,91089,Timing,TRUE
OPP-QJL1C6AB,ACC-F2UPAMHI,CON-OFABTIRF,2025-07-25,2025-09-21,Closed Lost,63195,Timing,TRUE
OPP-VNNPR44P,ACC-2N5AZPG1,CON-UUH6UO9L,2023-11-24,2024-01-28,Closed Lost,112500,No Decision,TRUE
OPP-018E67PG,ACC-6VJACYGX,CON-QPSU0GG0,2024-12-24,2025-01-03,Closed Lost,107824,Timing,TRUE
